Player,Stat,Line,Season_Avg,L5_Avg,Formula,Expected,Std_Dev,Deviation,Z_Score,Recommendation,Confidence,Bookmaker,Over_Odds,Under_Odds
Brandon Miller,REB,3.5,0.33,0.33,(0.33 × 0.5) + (0.33 × 0.5) = 0.33,0.33,0.58,3.17,5.48,OVER,High,draftkings,118,-155
John Collins,FG3M,3.5,0.76,0.4,(0.76 × 0.5) + (0.4 × 0.5) = 0.58,0.58,0.75,2.92,3.88,OVER,High,fanduel,225,-320
Kris Dunn,PTS,16.5,7.06,6.4,(7.06 × 0.5) + (6.4 × 0.5) = 6.73,6.73,3.29,9.77,2.97,OVER,High,fanduel,126,-168
Kris Dunn,FG3M,2.5,0.76,0.6,(0.76 × 0.5) + (0.6 × 0.5) = 0.68,0.68,0.66,1.82,2.74,OVER,High,fanduel,265,-390
LeBron James,AST,4.5,10.0,10.0,(10.0 × 0.5) + (10.0 × 0.5) = 10.0,10.0,2.83,-5.5,-1.94,UNDER,High,draftkings,-130,100
Brandon Miller,FG3M,3.5,1.33,1.33,(1.33 × 0.5) + (1.33 × 0.5) = 1.33,1.33,1.15,2.17,1.88,OVER,High,draftkings,127,-167
Austin Reaves,REB,10.5,5.46,6.0,(5.46 × 0.5) + (6.0 × 0.5) = 5.73,5.73,2.63,4.77,1.81,OVER,High,draftkings,-125,-105
Jaden Ivey,PTS,8.5,11.0,11.0,(11.0 × 0.5) + (11.0 × 0.5) = 11.0,11.0,1.41,-2.5,-1.77,UNDER,High,draftkings,-127,-101
Marcus Smart,PTS,2.5,9.46,9.2,(9.46 × 0.5) + (9.2 × 0.5) = 9.33,9.33,3.95,-6.83,-1.73,UNDER,High,draftkings,-105,-125
Kris Dunn,REB,0.5,2.59,3.0,(2.59 × 0.5) + (3.0 × 0.5) = 2.79,2.79,1.46,-2.29,-1.57,UNDER,High,fanatics,-130,100
LeBron James,PTS,20.5,14.0,14.0,(14.0 × 0.5) + (14.0 × 0.5) = 14.0,14.0,4.24,6.5,1.53,OVER,High,draftkings,-130,100
Clint Capela,PTS,5.5,3.29,2.0,(3.29 × 0.5) + (2.0 × 0.5) = 2.64,2.64,2.16,2.86,1.32,OVER,High,draftkings,-129,101
John Collins,PTS,16.5,11.24,10.4,(11.24 × 0.5) + (10.4 × 0.5) = 10.82,10.82,4.71,5.68,1.21,OVER,High,fanduel,-106,-125
Jaren Jackson Jr.,PTS,22.5,17.75,19.4,(17.75 × 0.5) + (19.4 × 0.5) = 18.58,18.58,3.45,3.93,1.14,OVER,High,draftkings,-107,-119
LaMelo Ball,AST,6.5,9.3,8.4,(9.3 × 0.5) + (8.4 × 0.5) = 8.85,8.85,2.11,-2.35,-1.11,UNDER,High,draftkings,-149,113
Josh Okogie,REB,4.5,2.4,2.8,(2.4 × 0.5) + (2.8 × 0.5) = 2.6,2.6,1.72,1.9,1.1,OVER,High,draftkings,115,-152
Norman Powell,PTS,19.5,25.43,26.6,(25.43 × 0.5) + (26.6 × 0.5) = 26.01,26.01,6.26,-6.51,-1.04,UNDER,High,draftkings,-106,-120
Chris Paul,AST,1.5,3.83,3.8,(3.83 × 0.5) + (3.8 × 0.5) = 3.82,3.82,2.37,-2.32,-0.98,UNDER,Medium,fanatics,-250,155
Ivica Zubac,PTS,11.5,17.0,19.0,(17.0 × 0.5) + (19.0 × 0.5) = 18.0,18.0,6.75,-6.5,-0.96,UNDER,Medium,fanduel,-112,-118
Drew Eubanks,REB,4.5,2.89,2.8,(2.89 × 0.5) + (2.8 × 0.5) = 2.84,2.84,1.75,1.66,0.95,OVER,Medium,fanduel,-138,104
LeBron James,REB,2.5,4.5,4.5,(4.5 × 0.5) + (4.5 × 0.5) = 4.5,4.5,2.12,-2.0,-0.94,UNDER,Medium,draftkings,-180,140
Marcus Smart,FG3M,0.5,1.15,1.6,(1.15 × 0.5) + (1.6 × 0.5) = 1.38,1.38,0.99,-0.88,-0.89,UNDER,Medium,draftkings,140,-180
Kawhi Leonard,PTS,17.5,23.71,25.8,(23.71 × 0.5) + (25.8 × 0.5) = 24.76,24.76,8.18,-7.26,-0.89,UNDER,Medium,fanatics,100,-130
Ben Sheppard,FG3M,1.5,0.82,0.4,(0.82 × 0.5) + (0.4 × 0.5) = 0.61,0.61,1.01,0.89,0.88,OVER,Medium,draftkings,171,-230
Nicolas Batum,PTS,8.5,4.53,7.0,(4.53 × 0.5) + (7.0 × 0.5) = 5.76,5.76,3.14,2.74,0.87,OVER,Medium,fanduel,106,-140
Jaren Jackson Jr.,FG3M,2.5,1.62,1.6,(1.62 × 0.5) + (1.6 × 0.5) = 1.61,1.61,1.02,0.89,0.87,OVER,Medium,draftkings,148,-197
Shai Gilgeous-Alexander,FG3M,1.5,2.22,2.4,(2.22 × 0.5) + (2.4 × 0.5) = 2.31,2.31,0.94,-0.81,-0.86,UNDER,Medium,draftkings,-149,113
Clint Capela,REB,6.5,4.21,3.2,(4.21 × 0.5) + (3.2 × 0.5) = 3.71,3.71,3.24,2.79,0.86,OVER,Medium,draftkings,102,-134
Jake LaRavia,REB,1.5,4.25,3.0,(4.25 × 0.5) + (3.0 × 0.5) = 3.62,3.62,2.52,-2.12,-0.84,UNDER,Medium,draftkings,160,-210
Ivica Zubac,REB,9.5,11.59,14.2,(11.59 × 0.5) + (14.2 × 0.5) = 12.89,12.89,4.06,-3.39,-0.84,UNDER,Medium,fanduel,-166,124
Jaxson Hayes,REB,2.5,4.08,3.6,(4.08 × 0.5) + (3.6 × 0.5) = 3.84,3.84,1.61,-1.34,-0.83,UNDER,Medium,draftkings,154,-200
Jericho Sims,PTS,3.5,1.62,2.4,(1.62 × 0.5) + (2.4 × 0.5) = 2.01,2.01,1.8,1.49,0.83,OVER,Medium,fanatics,-110,-120
James Harden,AST,10.5,8.38,6.8,(8.38 × 0.5) + (6.8 × 0.5) = 7.59,7.59,3.54,2.91,0.82,OVER,Medium,williamhill_us,-115,-115
Cedric Coward,AST,3.5,2.78,2.0,(2.78 × 0.5) + (2.0 × 0.5) = 2.39,2.39,1.4,1.11,0.8,OVER,Medium,draftkings,116,-153
Josh Hart,AST,3.5,4.67,6.6,(4.67 × 0.5) + (6.6 × 0.5) = 5.63,5.63,2.74,-2.13,-0.78,UNDER,Medium,draftkings,-160,121
Immanuel Quickley,REB,3.5,4.78,6.0,(4.78 × 0.5) + (6.0 × 0.5) = 5.39,5.39,2.41,-1.89,-0.78,UNDER,Medium,draftkings,-155,117
Tobias Harris,AST,1.5,2.88,2.2,(2.88 × 0.5) + (2.2 × 0.5) = 2.54,2.54,1.36,-1.04,-0.77,UNDER,Medium,draftkings,-156,118
Bennedict Mathurin,FG3M,1.5,2.17,2.0,(2.17 × 0.5) + (2.0 × 0.5) = 2.08,2.08,0.75,-0.58,-0.77,UNDER,Medium,draftkings,-129,-102
Kawhi Leonard,FG3M,1.5,2.43,3.0,(2.43 × 0.5) + (3.0 × 0.5) = 2.71,2.71,1.62,-1.21,-0.75,UNDER,Medium,fanduel,134,-180
Andrew Nembhard,REB,2.5,1.6,1.8,(1.6 × 0.5) + (1.8 × 0.5) = 1.7,1.7,1.07,0.8,0.74,OVER,Medium,draftkings,119,-157
Karl-Anthony Towns,AST,2.5,3.38,3.6,(3.38 × 0.5) + (3.6 × 0.5) = 3.49,3.49,1.36,-0.99,-0.73,UNDER,Medium,draftkings,-167,126
Saddiq Bey,FG3M,2.5,1.88,1.2,(1.88 × 0.5) + (1.2 × 0.5) = 1.54,1.54,1.32,0.96,0.73,OVER,Medium,draftkings,134,-178
Mikal Bridges,FG3M,1.5,2.38,2.2,(2.38 × 0.5) + (2.2 × 0.5) = 2.29,2.29,1.09,-0.79,-0.72,UNDER,Medium,draftkings,-193,145
Kel'el Ware,FG3M,0.5,1.06,1.2,(1.06 × 0.5) + (1.2 × 0.5) = 1.13,1.13,0.87,-0.63,-0.72,UNDER,Medium,draftkings,-174,131
Gabe Vincent,FG3M,0.5,1.0,1.0,(1.0 × 0.5) + (1.0 × 0.5) = 1.0,1.0,0.71,-0.5,-0.71,UNDER,Medium,draftkings,160,-210
Devin Booker,PTS,28.5,26.39,20.8,(26.39 × 0.5) + (20.8 × 0.5) = 23.59,23.59,6.88,4.91,0.71,OVER,Medium,fanduel,-114,-114
Oso Ighodaro,REB,4.5,3.28,2.8,(3.28 × 0.5) + (2.8 × 0.5) = 3.04,3.04,2.08,1.46,0.7,OVER,Medium,fanduel,-110,-120
Josh Okogie,PTS,9.5,7.4,5.4,(7.4 × 0.5) + (5.4 × 0.5) = 6.4,6.4,4.56,3.1,0.68,OVER,Medium,draftkings,-111,-114
Ivica Zubac,AST,3.5,2.35,2.6,(2.35 × 0.5) + (2.6 × 0.5) = 2.48,2.48,1.54,1.02,0.67,OVER,Medium,fanduel,-136,102
Jaylen Wells,FG3M,2.5,1.56,1.6,(1.56 × 0.5) + (1.6 × 0.5) = 1.58,1.58,1.38,0.92,0.67,OVER,Medium,draftkings,123,-163
Ryan Kalkbrenner,PTS,6.5,9.4,9.8,(9.4 × 0.5) + (9.8 × 0.5) = 9.6,9.6,4.69,-3.1,-0.66,UNDER,Medium,draftkings,-120,-106
Kentavious Caldwell-Pope,FG3M,1.5,1.0,0.8,(1.0 × 0.5) + (0.8 × 0.5) = 0.9,0.9,0.91,0.6,0.66,OVER,Medium,draftkings,150,-200
Naz Reid,FG3M,1.5,2.0,2.8,(2.0 × 0.5) + (2.8 × 0.5) = 2.4,2.4,1.41,-0.9,-0.64,UNDER,Medium,draftkings,-167,126
Austin Reaves,AST,3.5,7.31,4.6,(7.31 × 0.5) + (4.6 × 0.5) = 5.95,5.95,4.03,-2.45,-0.61,UNDER,Medium,draftkings,105,-135
Naz Reid,PTS,11.5,13.18,18.6,(13.18 × 0.5) + (18.6 × 0.5) = 15.89,15.89,7.19,-4.39,-0.61,UNDER,Medium,draftkings,-116,-110
Derrick White,REB,3.5,4.0,5.0,(4.0 × 0.5) + (5.0 × 0.5) = 4.5,4.5,1.66,-1.0,-0.6,UNDER,Medium,draftkings,-163,124
Shaedon Sharpe,FG3M,2.5,1.79,1.8,(1.79 × 0.5) + (1.8 × 0.5) = 1.79,1.79,1.25,0.71,0.57,OVER,Medium,fanduel,126,-166
Tobias Harris,PTS,11.5,13.88,14.8,(13.88 × 0.5) + (14.8 × 0.5) = 14.34,14.34,5.11,-2.84,-0.56,UNDER,Medium,draftkings,-110,-116
Anfernee Simons,FG3M,1.5,2.71,2.0,(2.71 × 0.5) + (2.0 × 0.5) = 2.35,2.35,1.53,-0.85,-0.56,UNDER,Medium,draftkings,-187,141
Davion Mitchell,AST,5.5,7.33,6.6,(7.33 × 0.5) + (6.6 × 0.5) = 6.97,6.97,2.63,-1.47,-0.56,UNDER,Medium,fanduel,-132,100
Keegan Murray,PTS,14.5,18.67,18.67,(18.67 × 0.5) + (18.67 × 0.5) = 18.67,18.67,7.51,-4.17,-0.56,UNDER,Medium,fanduel,-104,-128
Devin Vassell,PTS,16.5,13.88,13.8,(13.88 × 0.5) + (13.8 × 0.5) = 13.84,13.84,4.77,2.66,0.56,OVER,Medium,fanduel,-110,-120
Josh Okogie,FG3M,1.5,1.2,0.6,(1.2 × 0.5) + (0.6 × 0.5) = 0.9,0.9,1.08,0.6,0.55,OVER,Medium,draftkings,143,-190
Devin Booker,FG3M,2.5,1.89,1.2,(1.89 × 0.5) + (1.2 × 0.5) = 1.54,1.54,1.75,0.96,0.55,OVER,Medium,fanduel,152,-205
Cade Cunningham,REB,5.5,6.0,8.2,(6.0 × 0.5) + (8.2 × 0.5) = 7.1,7.1,2.99,-1.6,-0.54,UNDER,Medium,draftkings,-115,-114
Pascal Siakam,FG3M,1.5,1.88,2.6,(1.88 × 0.5) + (2.6 × 0.5) = 2.24,2.24,1.36,-0.74,-0.54,UNDER,Medium,draftkings,-123,-107
Jericho Sims,REB,3.5,2.08,2.6,(2.08 × 0.5) + (2.6 × 0.5) = 2.34,2.34,2.14,1.16,0.54,OVER,Medium,betonlineag,-185,141
Austin Reaves,PTS,20.5,27.62,23.4,(27.62 × 0.5) + (23.4 × 0.5) = 25.51,25.51,9.4,-5.01,-0.53,UNDER,Medium,draftkings,-130,100
Shaedon Sharpe,PTS,22.5,22.57,30.0,(22.57 × 0.5) + (30.0 × 0.5) = 26.29,26.29,7.13,-3.79,-0.53,UNDER,Medium,fanduel,-130,-102
Deni Avdija,PTS,26.5,24.89,22.0,(24.89 × 0.5) + (22.0 × 0.5) = 23.44,23.44,5.78,3.06,0.53,OVER,Medium,fanduel,-128,-104
Payton Pritchard,REB,3.5,4.29,5.4,(4.29 × 0.5) + (5.4 × 0.5) = 4.85,4.85,2.57,-1.35,-0.52,UNDER,Medium,draftkings,-166,125
Mikal Bridges,AST,3.5,4.69,4.2,(4.69 × 0.5) + (4.2 × 0.5) = 4.44,4.44,1.82,-0.94,-0.52,UNDER,Medium,draftkings,-164,124
Davion Mitchell,PTS,8.5,10.28,11.0,(10.28 × 0.5) + (11.0 × 0.5) = 10.64,10.64,4.1,-2.14,-0.52,UNDER,Medium,fanduel,-132,100
Andrew Wiggins,PTS,13.5,16.73,15.6,(16.73 × 0.5) + (15.6 × 0.5) = 16.17,16.17,5.32,-2.67,-0.5,UNDER,Medium,fanduel,100,-132
Keldon Johnson,FG3M,1.5,0.81,1.2,(0.81 × 0.5) + (1.2 × 0.5) = 1.01,1.01,0.98,0.49,0.5,OVER,Medium,fanduel,148,-200
Marcus Smart,REB,1.5,2.23,2.6,(2.23 × 0.5) + (2.6 × 0.5) = 2.42,2.42,1.88,-0.92,-0.49,NO PLAY,N/A,draftkings,-110,-120
Alex Caruso,PTS,7.5,5.85,5.6,(5.85 × 0.5) + (5.6 × 0.5) = 5.72,5.72,3.65,1.78,0.49,NO PLAY,N/A,draftkings,-112,-113
Andrew Wiggins,AST,2.5,2.8,3.8,(2.8 × 0.5) + (3.8 × 0.5) = 3.3,3.3,1.66,-0.8,-0.48,NO PLAY,N/A,fanduel,154,-210
Alperen Sengun,FG3M,0.5,1.27,1.2,(1.27 × 0.5) + (1.2 × 0.5) = 1.23,1.23,1.53,-0.73,-0.48,NO PLAY,N/A,betonlineag,-182,138
Duncan Robinson,PTS,10.5,12.59,13.2,(12.59 × 0.5) + (13.2 × 0.5) = 12.89,12.89,5.06,-2.39,-0.47,NO PLAY,N/A,draftkings,-101,-126
Payton Pritchard,FG3M,2.5,2.59,4.4,(2.59 × 0.5) + (4.4 × 0.5) = 3.49,3.49,2.09,-0.99,-0.47,NO PLAY,N/A,draftkings,-139,105
Jaylen Wells,PTS,13.5,10.33,12.2,(10.33 × 0.5) + (12.2 × 0.5) = 11.27,11.27,4.74,2.23,0.47,NO PLAY,N/A,draftkings,-127,100
Kawhi Leonard,AST,2.5,3.29,3.2,(3.29 × 0.5) + (3.2 × 0.5) = 3.24,3.24,1.6,-0.74,-0.46,NO PLAY,N/A,fanduel,-118,-112
Mikal Bridges,REB,3.5,4.56,4.8,(4.56 × 0.5) + (4.8 × 0.5) = 4.68,4.68,2.56,-1.18,-0.46,NO PLAY,N/A,draftkings,-164,124
Andrew Nembhard,FG3M,1.5,1.9,2.2,(1.9 × 0.5) + (2.2 × 0.5) = 2.05,2.05,1.2,-0.55,-0.46,NO PLAY,N/A,draftkings,-112,-117
Norman Powell,FG3M,2.5,3.21,3.6,(3.21 × 0.5) + (3.6 × 0.5) = 3.41,3.41,1.97,-0.91,-0.46,NO PLAY,N/A,fanduel,-102,-130
Kon Knueppel,FG3M,3.5,3.71,4.8,(3.71 × 0.5) + (4.8 × 0.5) = 4.25,4.25,1.69,-0.75,-0.45,NO PLAY,N/A,draftkings,119,-157
Jamal Shead,AST,5.5,5.67,7.2,(5.67 × 0.5) + (7.2 × 0.5) = 6.43,6.43,2.09,-0.93,-0.45,NO PLAY,N/A,draftkings,-132,100
Alperen Sengun,AST,6.5,7.13,7.0,(7.13 × 0.5) + (7.0 × 0.5) = 7.07,7.07,1.25,-0.57,-0.45,NO PLAY,N/A,draftkings,-110,-120
Alperen Sengun,REB,10.5,9.67,8.6,(9.67 × 0.5) + (8.6 × 0.5) = 9.13,9.13,3.06,1.37,0.45,NO PLAY,N/A,draftkings,-123,-107
Stephen Curry,FG3M,4.5,4.87,6.4,(4.87 × 0.5) + (6.4 × 0.5) = 5.63,5.63,2.53,-1.13,-0.45,NO PLAY,N/A,draftkings,-140,106
Saddiq Bey,PTS,14.5,12.06,11.0,(12.06 × 0.5) + (11.0 × 0.5) = 11.53,11.53,6.73,2.97,0.44,NO PLAY,N/A,draftkings,-105,-121
Zach LaVine,REB,3.5,3.31,2.6,(3.31 × 0.5) + (2.6 × 0.5) = 2.96,2.96,1.25,0.54,0.44,NO PLAY,N/A,fanduel,-114,-114
Dylan Harper,PTS,12.5,14.0,13.8,(14.0 × 0.5) + (13.8 × 0.5) = 13.9,13.9,3.22,-1.4,-0.43,NO PLAY,N/A,fanduel,-114,-114
Anfernee Simons,AST,2.5,2.59,4.0,(2.59 × 0.5) + (4.0 × 0.5) = 3.29,3.29,1.87,-0.79,-0.42,NO PLAY,N/A,draftkings,102,-135
Kon Knueppel,PTS,17.5,19.35,22.8,(19.35 × 0.5) + (22.8 × 0.5) = 21.08,21.08,8.52,-3.58,-0.42,NO PLAY,N/A,draftkings,-109,-117
LaMelo Ball,REB,4.5,6.6,5.2,(6.6 × 0.5) + (5.2 × 0.5) = 5.9,5.9,3.31,-1.4,-0.42,NO PLAY,N/A,draftkings,109,-143
Bobby Portis,FG3M,1.5,1.61,2.4,(1.61 × 0.5) + (2.4 × 0.5) = 2.01,2.01,1.2,-0.51,-0.42,NO PLAY,N/A,fanduel,152,-205
Kentavious Caldwell-Pope,AST,2.5,3.17,3.4,(3.17 × 0.5) + (3.4 × 0.5) = 3.28,3.28,1.89,-0.78,-0.42,NO PLAY,N/A,draftkings,-155,117
Luka Garza,FG3M,0.5,0.67,1.2,(0.67 × 0.5) + (1.2 × 0.5) = 0.93,0.93,1.05,-0.43,-0.41,NO PLAY,N/A,draftkings,-129,-102
Brandon Ingram,AST,3.5,3.89,4.0,(3.89 × 0.5) + (4.0 × 0.5) = 3.94,3.94,1.08,-0.44,-0.41,NO PLAY,N/A,draftkings,-151,115
Julius Randle,REB,6.5,7.47,7.4,(7.47 × 0.5) + (7.4 × 0.5) = 7.44,7.44,2.29,-0.94,-0.41,NO PLAY,N/A,draftkings,-120,-110
Alex Caruso,FG3M,1.5,1.23,1.0,(1.23 × 0.5) + (1.0 × 0.5) = 1.12,1.12,0.93,0.38,0.41,NO PLAY,N/A,draftkings,113,-149
Trey Murphy III,AST,3.5,3.06,2.4,(3.06 × 0.5) + (2.4 × 0.5) = 2.73,2.73,1.89,0.77,0.41,NO PLAY,N/A,draftkings,-110,-120
Luke Kornet,PTS,9.5,8.22,6.0,(8.22 × 0.5) + (6.0 × 0.5) = 7.11,7.11,5.76,2.39,0.41,NO PLAY,N/A,fanduel,-114,-114
Duncan Robinson,REB,2.5,2.88,3.6,(2.88 × 0.5) + (3.6 × 0.5) = 3.24,3.24,1.83,-0.74,-0.4,NO PLAY,N/A,draftkings,-107,-122
Malik Monk,PTS,10.5,13.07,13.6,(13.07 × 0.5) + (13.6 × 0.5) = 13.33,13.33,7.01,-2.83,-0.4,NO PLAY,N/A,fanduel,-122,-108
Jerami Grant,REB,3.5,3.47,5.0,(3.47 × 0.5) + (5.0 × 0.5) = 4.24,4.24,1.84,-0.74,-0.4,NO PLAY,N/A,fanduel,-118,-112
Cade Cunningham,PTS,25.5,27.14,30.0,(27.14 × 0.5) + (30.0 × 0.5) = 28.57,28.57,7.87,-3.07,-0.39,NO PLAY,N/A,draftkings,-108,-118
Giannis Antetokounmpo,AST,5.5,6.85,7.2,(6.85 × 0.5) + (7.2 × 0.5) = 7.02,7.02,3.91,-1.52,-0.39,NO PLAY,N/A,fanduel,-136,102
Jaren Jackson Jr.,AST,2.5,1.62,2.4,(1.62 × 0.5) + (2.4 × 0.5) = 2.01,2.01,1.26,0.49,0.39,NO PLAY,N/A,draftkings,111,-146
Jeremiah Fears,PTS,14.5,15.39,17.4,(15.39 × 0.5) + (17.4 × 0.5) = 16.39,16.39,4.84,-1.89,-0.39,NO PLAY,N/A,draftkings,-106,-121
Will Richard,FG3M,1.5,1.24,0.8,(1.24 × 0.5) + (0.8 × 0.5) = 1.02,1.02,1.25,0.48,0.39,NO PLAY,N/A,draftkings,169,-227
Dillon Brooks,PTS,20.5,22.0,24.4,(22.0 × 0.5) + (24.4 × 0.5) = 23.2,23.2,6.88,-2.7,-0.39,NO PLAY,N/A,fanduel,-118,-112
Royce O'Neale,FG3M,2.5,3.22,2.8,(3.22 × 0.5) + (2.8 × 0.5) = 3.01,3.01,1.31,-0.51,-0.39,NO PLAY,N/A,fanduel,-180,134
Kris Murray,REB,3.5,3.71,5.0,(3.71 × 0.5) + (5.0 × 0.5) = 4.35,4.35,2.2,-0.85,-0.39,NO PLAY,N/A,fanduel,-110,-120
Duncan Robinson,FG3M,2.5,3.06,3.2,(3.06 × 0.5) + (3.2 × 0.5) = 3.13,3.13,1.64,-0.63,-0.38,NO PLAY,N/A,draftkings,104,-138
Scottie Barnes,FG3M,1.5,1.33,0.6,(1.33 × 0.5) + (0.6 × 0.5) = 0.97,0.97,1.41,0.53,0.38,NO PLAY,N/A,draftkings,158,-211
Austin Reaves,FG3M,1.5,2.46,1.8,(2.46 × 0.5) + (1.8 × 0.5) = 2.13,2.13,1.71,-0.63,-0.37,NO PLAY,N/A,draftkings,-180,140
Jake LaRavia,FG3M,0.5,1.12,0.8,(1.12 × 0.5) + (0.8 × 0.5) = 0.96,0.96,1.26,-0.46,-0.37,NO PLAY,N/A,draftkings,210,-280
Payton Pritchard,PTS,16.5,16.65,21.6,(16.65 × 0.5) + (21.6 × 0.5) = 19.12,19.12,7.12,-2.62,-0.37,NO PLAY,N/A,draftkings,-114,-112
Bennedict Mathurin,PTS,20.5,24.33,22.0,(24.33 × 0.5) + (22.0 × 0.5) = 23.17,23.17,7.17,-2.67,-0.37,NO PLAY,N/A,draftkings,-119,-107
Kel'el Ware,REB,11.5,11.0,15.6,(11.0 × 0.5) + (15.6 × 0.5) = 13.3,13.3,4.85,-1.8,-0.37,NO PLAY,N/A,fanduel,100,-132
Jaylen Wells,AST,2.5,1.78,2.2,(1.78 × 0.5) + (2.2 × 0.5) = 1.99,1.99,1.4,0.51,0.37,NO PLAY,N/A,draftkings,129,-170
Rui Hachimura,FG3M,1.5,1.87,1.8,(1.87 × 0.5) + (1.8 × 0.5) = 1.83,1.83,0.92,-0.33,-0.36,NO PLAY,N/A,draftkings,140,-180
Kris Dunn,AST,2.5,2.65,3.8,(2.65 × 0.5) + (3.8 × 0.5) = 3.22,3.22,2.03,-0.72,-0.36,NO PLAY,N/A,fanduel,-120,-110
Cade Cunningham,AST,8.5,9.64,9.6,(9.64 × 0.5) + (9.6 × 0.5) = 9.62,9.62,3.1,-1.12,-0.36,NO PLAY,N/A,draftkings,-122,-108
Payton Pritchard,AST,4.5,5.12,5.6,(5.12 × 0.5) + (5.6 × 0.5) = 5.36,5.36,2.37,-0.86,-0.36,NO PLAY,N/A,draftkings,-107,-123
Sandro Mamukelashvili,REB,5.5,4.06,5.2,(4.06 × 0.5) + (5.2 × 0.5) = 4.63,4.63,2.41,0.87,0.36,NO PLAY,N/A,draftkings,-123,-107
DeMar DeRozan,REB,3.5,3.11,2.4,(3.11 × 0.5) + (2.4 × 0.5) = 2.76,2.76,2.08,0.74,0.36,NO PLAY,N/A,fanduel,-125,-106
LeBron James,FG3M,1.5,1.0,1.0,(1.0 × 0.5) + (1.0 × 0.5) = 1.0,1.0,1.41,0.5,0.35,NO PLAY,N/A,draftkings,130,-166
Jaden Ivey,REB,2.5,2.0,2.0,(2.0 × 0.5) + (2.0 × 0.5) = 2.0,2.0,1.41,0.5,0.35,NO PLAY,N/A,betonlineag,128,-167
Kon Knueppel,REB,4.5,5.82,5.2,(5.82 × 0.5) + (5.2 × 0.5) = 5.51,5.51,2.86,-1.01,-0.35,NO PLAY,N/A,draftkings,-151,114
Myles Turner,REB,6.5,6.61,8.0,(6.61 × 0.5) + (8.0 × 0.5) = 7.31,7.31,2.3,-0.81,-0.35,NO PLAY,N/A,fanduel,-132,100
Shai Gilgeous-Alexander,AST,7.5,6.61,6.6,(6.61 × 0.5) + (6.6 × 0.5) = 6.61,6.61,2.52,0.89,0.35,NO PLAY,N/A,draftkings,116,-153
Ajay Mitchell,FG3M,1.5,1.22,1.0,(1.22 × 0.5) + (1.0 × 0.5) = 1.11,1.11,1.11,0.39,0.35,NO PLAY,N/A,draftkings,133,-176
Zion Williamson,AST,4.5,4.0,3.6,(4.0 × 0.5) + (3.6 × 0.5) = 3.8,3.8,2.0,0.7,0.35,NO PLAY,N/A,draftkings,-122,-108
Zach Edey,AST,1.5,1.0,1.0,(1.0 × 0.5) + (1.0 × 0.5) = 1.0,1.0,1.41,0.5,0.35,NO PLAY,N/A,draftkings,-114,-116
Jalen Brunson,FG3M,2.5,2.86,3.2,(2.86 × 0.5) + (3.2 × 0.5) = 3.03,3.03,1.56,-0.53,-0.34,NO PLAY,N/A,fanduel,-158,118
Andrew Wiggins,REB,4.5,4.93,5.6,(4.93 × 0.5) + (5.6 × 0.5) = 5.27,5.27,2.34,-0.77,-0.33,NO PLAY,N/A,fanduel,114,-152
Cedric Coward,FG3M,1.5,1.83,2.4,(1.83 × 0.5) + (2.4 × 0.5) = 2.12,2.12,1.86,-0.62,-0.33,NO PLAY,N/A,draftkings,-150,113
Stephen Curry,PTS,26.5,28.8,32.2,(28.8 × 0.5) + (32.2 × 0.5) = 30.5,30.5,12.14,-4.0,-0.33,NO PLAY,N/A,draftkings,-120,-106
Royce O'Neale,AST,2.5,2.67,1.2,(2.67 × 0.5) + (1.2 × 0.5) = 1.93,1.93,1.71,0.57,0.33,NO PLAY,N/A,fanduel,-162,122
Robert Williams III,PTS,4.5,4.82,6.0,(4.82 × 0.5) + (6.0 × 0.5) = 5.41,5.41,2.79,-0.91,-0.33,NO PLAY,N/A,fanduel,-112,-118
Derrick White,AST,4.5,5.24,5.2,(5.24 × 0.5) + (5.2 × 0.5) = 5.22,5.22,2.22,-0.72,-0.32,NO PLAY,N/A,draftkings,-142,107
Scottie Barnes,AST,5.5,5.06,4.6,(5.06 × 0.5) + (4.6 × 0.5) = 4.83,4.83,2.07,0.67,0.32,NO PLAY,N/A,draftkings,119,-158
Pascal Siakam,PTS,23.5,24.75,26.2,(24.75 × 0.5) + (26.2 × 0.5) = 25.48,25.48,6.21,-1.98,-0.32,NO PLAY,N/A,draftkings,-107,-119
Myles Turner,PTS,13.5,12.39,11.2,(12.39 × 0.5) + (11.2 × 0.5) = 11.79,11.79,5.41,1.71,0.32,NO PLAY,N/A,fanduel,104,-138
Ajay Mitchell,PTS,16.5,16.11,14.0,(16.11 × 0.5) + (14.0 × 0.5) = 15.06,15.06,4.56,1.44,0.32,NO PLAY,N/A,draftkings,-105,-121
Jaden McDaniels,REB,4.5,4.81,5.2,(4.81 × 0.5) + (5.2 × 0.5) = 5.01,5.01,1.6,-0.51,-0.32,NO PLAY,N/A,draftkings,-107,-123
Jake LaRavia,PTS,6.5,10.25,7.2,(10.25 × 0.5) + (7.2 × 0.5) = 8.72,8.72,7.22,-2.22,-0.31,NO PLAY,N/A,draftkings,100,-130
Donte DiVincenzo,AST,3.5,3.41,2.6,(3.41 × 0.5) + (2.6 × 0.5) = 3.01,3.01,1.58,0.49,0.31,NO PLAY,N/A,draftkings,118,-156
Donte DiVincenzo,FG3M,2.5,3.06,3.0,(3.06 × 0.5) + (3.0 × 0.5) = 3.03,3.03,1.71,-0.53,-0.31,NO PLAY,N/A,draftkings,-132,101
Draymond Green,REB,5.5,5.75,6.8,(5.75 × 0.5) + (6.8 × 0.5) = 6.28,6.28,2.49,-0.78,-0.31,NO PLAY,N/A,draftkings,-141,107
Keegan Murray,REB,5.5,7.33,7.33,(7.33 × 0.5) + (7.33 × 0.5) = 7.33,7.33,5.86,-1.83,-0.31,NO PLAY,N/A,fanduel,-144,108
Josh Hart,FG3M,1.5,1.13,1.2,(1.13 × 0.5) + (1.2 × 0.5) = 1.17,1.17,1.13,0.33,0.3,NO PLAY,N/A,draftkings,140,-186
Andrew Nembhard,PTS,16.5,18.3,19.4,(18.3 × 0.5) + (19.4 × 0.5) = 18.85,18.85,7.79,-2.35,-0.3,NO PLAY,N/A,draftkings,-105,-121
Bobby Portis,REB,5.5,5.78,6.6,(5.78 × 0.5) + (6.6 × 0.5) = 6.19,6.19,2.29,-0.69,-0.3,NO PLAY,N/A,fanduel,-158,118
Isaiah Hartenstein,REB,9.5,10.89,10.2,(10.89 × 0.5) + (10.2 × 0.5) = 10.54,10.54,3.5,-1.04,-0.3,NO PLAY,N/A,draftkings,-117,-113
Zach LaVine,PTS,19.5,20.5,12.8,(20.5 × 0.5) + (12.8 × 0.5) = 16.65,16.65,9.59,2.85,0.3,NO PLAY,N/A,fanduel,-130,-102
Mark Williams,REB,8.5,8.4,6.6,(8.4 × 0.5) + (6.6 × 0.5) = 7.5,7.5,3.33,1.0,0.3,NO PLAY,N/A,fanduel,-112,-118
Jaylen Brown,REB,5.5,5.59,7.0,(5.59 × 0.5) + (7.0 × 0.5) = 6.29,6.29,2.69,-0.79,-0.29,NO PLAY,N/A,draftkings,-122,-108
Isaiah Hartenstein,AST,3.5,3.44,4.8,(3.44 × 0.5) + (4.8 × 0.5) = 4.12,4.12,2.18,-0.62,-0.29,NO PLAY,N/A,draftkings,105,-138
Amen Thompson,AST,5.5,5.2,4.4,(5.2 × 0.5) + (4.4 × 0.5) = 4.8,4.8,2.46,0.7,0.29,NO PLAY,N/A,draftkings,115,-152
Brandin Podziemski,PTS,11.5,12.11,14.0,(12.11 × 0.5) + (14.0 × 0.5) = 13.05,13.05,5.41,-1.55,-0.29,NO PLAY,N/A,draftkings,-101,-127
Brandin Podziemski,FG3M,1.5,1.79,1.8,(1.79 × 0.5) + (1.8 × 0.5) = 1.79,1.79,1.03,-0.29,-0.29,NO PLAY,N/A,draftkings,-152,115
Zach LaVine,AST,2.5,2.19,2.2,(2.19 × 0.5) + (2.2 × 0.5) = 2.19,2.19,1.05,0.31,0.29,NO PLAY,N/A,fanduel,-154,116
Drew Eubanks,PTS,7.5,6.33,5.4,(6.33 × 0.5) + (5.4 × 0.5) = 5.87,5.87,5.58,1.63,0.29,NO PLAY,N/A,fanduel,-118,-112
Miles Bridges,PTS,19.5,22.0,20.4,(22.0 × 0.5) + (20.4 × 0.5) = 21.2,21.2,6.05,-1.7,-0.28,NO PLAY,N/A,draftkings,-124,-103
Miles Bridges,REB,6.5,6.53,5.0,(6.53 × 0.5) + (5.0 × 0.5) = 5.76,5.76,2.62,0.74,0.28,NO PLAY,N/A,draftkings,-129,-102
T.J. McConnell,AST,3.5,3.71,4.6,(3.71 × 0.5) + (4.6 × 0.5) = 4.16,4.16,2.36,-0.66,-0.28,NO PLAY,N/A,draftkings,-157,119
Bam Adebayo,REB,8.5,8.17,6.8,(8.17 × 0.5) + (6.8 × 0.5) = 7.48,7.48,3.59,1.02,0.28,NO PLAY,N/A,fanduel,118,-158
Luguentz Dort,FG3M,2.5,1.67,2.6,(1.67 × 0.5) + (2.6 × 0.5) = 2.13,2.13,1.3,0.37,0.28,NO PLAY,N/A,draftkings,134,-177
Amen Thompson,REB,7.5,6.4,7.0,(6.4 × 0.5) + (7.0 × 0.5) = 6.7,6.7,2.9,0.8,0.28,NO PLAY,N/A,draftkings,100,-131
Russell Westbrook,FG3M,1.5,2.0,1.8,(2.0 × 0.5) + (1.8 × 0.5) = 1.9,1.9,1.41,-0.4,-0.28,NO PLAY,N/A,fanduel,-114,-114
Harrison Barnes,PTS,12.5,12.94,15.4,(12.94 × 0.5) + (15.4 × 0.5) = 14.17,14.17,6.06,-1.67,-0.28,NO PLAY,N/A,fanduel,-132,100
Toumani Camara,FG3M,2.5,2.11,2.2,(2.11 × 0.5) + (2.2 × 0.5) = 2.16,2.16,1.23,0.34,0.28,NO PLAY,N/A,fanduel,118,-158
LaMelo Ball,FG3M,2.5,2.6,1.6,(2.6 × 0.5) + (1.6 × 0.5) = 2.1,2.1,1.51,0.4,0.27,NO PLAY,N/A,draftkings,-138,105
Pascal Siakam,AST,3.5,4.75,3.6,(4.75 × 0.5) + (3.6 × 0.5) = 4.18,4.18,2.46,-0.67,-0.27,NO PLAY,N/A,draftkings,-151,115
Yves Missi,PTS,7.5,6.15,6.6,(6.15 × 0.5) + (6.6 × 0.5) = 6.38,6.38,4.12,1.12,0.27,NO PLAY,N/A,draftkings,-112,-114
Jimmy Butler III,AST,4.5,4.88,5.4,(4.88 × 0.5) + (5.4 × 0.5) = 5.14,5.14,2.39,-0.64,-0.27,NO PLAY,N/A,draftkings,-147,112
Oso Ighodaro,PTS,5.5,4.39,4.0,(4.39 × 0.5) + (4.0 × 0.5) = 4.19,4.19,4.83,1.31,0.27,NO PLAY,N/A,fanduel,-128,-102
Jerami Grant,PTS,19.5,19.53,24.0,(19.53 × 0.5) + (24.0 × 0.5) = 21.76,21.76,8.52,-2.26,-0.27,NO PLAY,N/A,fanduel,-130,-102
Jalen Duren,REB,12.5,11.53,11.0,(11.53 × 0.5) + (11.0 × 0.5) = 11.27,11.27,4.82,1.23,0.26,NO PLAY,N/A,draftkings,-108,-122
Ausar Thompson,REB,5.5,5.62,3.6,(5.62 × 0.5) + (3.6 × 0.5) = 4.61,4.61,3.43,0.89,0.26,NO PLAY,N/A,draftkings,113,-148
Jaylen Brown,FG3M,1.5,1.94,1.8,(1.94 × 0.5) + (1.8 × 0.5) = 1.87,1.87,1.43,-0.37,-0.26,NO PLAY,N/A,draftkings,-145,110
Immanuel Quickley,PTS,16.5,15.5,14.8,(15.5 × 0.5) + (14.8 × 0.5) = 15.15,15.15,5.17,1.35,0.26,NO PLAY,N/A,draftkings,-116,-109
Ryan Rollins,REB,4.5,4.0,4.0,(4.0 × 0.5) + (4.0 × 0.5) = 4.0,4.0,1.94,0.5,0.26,NO PLAY,N/A,fanduel,114,-152
Kyle Kuzma,FG3M,0.5,0.88,0.6,(0.88 × 0.5) + (0.6 × 0.5) = 0.74,0.74,0.93,-0.24,-0.26,NO PLAY,N/A,betonlineag,-179,136
Donte DiVincenzo,REB,3.5,3.88,4.2,(3.88 × 0.5) + (4.2 × 0.5) = 4.04,4.04,2.12,-0.54,-0.26,NO PLAY,N/A,draftkings,-115,-115
Jaden McDaniels,FG3M,1.5,1.56,0.8,(1.56 × 0.5) + (0.8 × 0.5) = 1.18,1.18,1.21,0.32,0.26,NO PLAY,N/A,draftkings,159,-212
Jakob Poeltl,REB,9.5,8.08,9.6,(8.08 × 0.5) + (9.6 × 0.5) = 8.84,8.84,2.69,0.66,0.25,NO PLAY,N/A,draftkings,-105,-126
Jarace Walker,REB,4.5,5.12,5.0,(5.12 × 0.5) + (5.0 × 0.5) = 5.06,5.06,2.26,-0.56,-0.25,NO PLAY,N/A,draftkings,123,-163
Brandon Ingram,FG3M,1.5,1.44,2.4,(1.44 × 0.5) + (2.4 × 0.5) = 1.92,1.92,1.69,-0.42,-0.25,NO PLAY,N/A,draftkings,-143,109
Trey Murphy III,PTS,18.5,20.17,21.0,(20.17 × 0.5) + (21.0 × 0.5) = 20.58,20.58,8.42,-2.08,-0.25,NO PLAY,N/A,draftkings,-122,-104
Jabari Smith Jr.,AST,1.5,1.79,2.0,(1.79 × 0.5) + (2.0 × 0.5) = 1.89,1.89,1.58,-0.39,-0.25,NO PLAY,N/A,williamhill_us,-104,-129
De'Aaron Fox,AST,7.5,6.12,7.2,(6.12 × 0.5) + (7.2 × 0.5) = 6.66,6.66,3.36,0.84,0.25,NO PLAY,N/A,fanduel,102,-136
Luka Garza,REB,5.5,4.2,5.6,(4.2 × 0.5) + (5.6 × 0.5) = 4.9,4.9,2.46,0.6,0.24,NO PLAY,N/A,draftkings,-125,-105
Immanuel Quickley,AST,5.5,6.06,5.6,(6.06 × 0.5) + (5.6 × 0.5) = 5.83,5.83,1.39,-0.33,-0.24,NO PLAY,N/A,draftkings,-154,117
Zach Edey,PTS,11.5,10.2,10.2,(10.2 × 0.5) + (10.2 × 0.5) = 10.2,10.2,5.4,1.3,0.24,NO PLAY,N/A,draftkings,-118,-108
Jimmy Butler III,REB,5.5,5.65,6.4,(5.65 × 0.5) + (6.4 × 0.5) = 6.02,6.02,2.18,-0.52,-0.24,NO PLAY,N/A,draftkings,-128,-103
Will Richard,REB,2.5,2.53,3.6,(2.53 × 0.5) + (3.6 × 0.5) = 3.06,3.06,2.4,-0.56,-0.24,NO PLAY,N/A,draftkings,102,-134
Dylan Harper,REB,3.5,4.0,4.0,(4.0 × 0.5) + (4.0 × 0.5) = 4.0,4.0,2.1,-0.5,-0.24,NO PLAY,N/A,fanduel,100,-132
Rui Hachimura,REB,4.5,3.93,4.4,(3.93 × 0.5) + (4.4 × 0.5) = 4.17,4.17,1.44,0.33,0.23,NO PLAY,N/A,draftkings,130,-166
Ryan Kalkbrenner,REB,6.5,6.87,7.4,(6.87 × 0.5) + (7.4 × 0.5) = 7.13,7.13,2.7,-0.63,-0.23,NO PLAY,N/A,draftkings,-105,-126
Yves Missi,REB,6.5,5.38,5.8,(5.38 × 0.5) + (5.8 × 0.5) = 5.59,5.59,3.88,0.91,0.23,NO PLAY,N/A,draftkings,-147,112
Saddiq Bey,REB,5.5,5.35,7.2,(5.35 × 0.5) + (7.2 × 0.5) = 6.28,6.28,3.33,-0.78,-0.23,NO PLAY,N/A,draftkings,-129,-102
Devin Booker,AST,7.5,6.94,6.8,(6.94 × 0.5) + (6.8 × 0.5) = 6.87,6.87,2.78,0.63,0.23,NO PLAY,N/A,fanduel,102,-136
Russell Westbrook,REB,6.5,6.89,8.0,(6.89 × 0.5) + (8.0 × 0.5) = 7.44,7.44,4.07,-0.94,-0.23,NO PLAY,N/A,fanduel,-128,-104
Zach LaVine,FG3M,2.5,2.75,1.4,(2.75 × 0.5) + (1.4 × 0.5) = 2.08,2.08,1.84,0.42,0.23,NO PLAY,N/A,draftkings,-128,-103
Ausar Thompson,PTS,10.5,12.62,10.6,(12.62 × 0.5) + (10.6 × 0.5) = 11.61,11.61,4.98,-1.11,-0.22,NO PLAY,N/A,draftkings,-128,100
Rudy Gobert,PTS,9.5,10.71,10.2,(10.71 × 0.5) + (10.2 × 0.5) = 10.45,10.45,4.3,-0.95,-0.22,NO PLAY,N/A,draftkings,-122,-104
Quinten Post,FG3M,1.5,1.21,1.2,(1.21 × 0.5) + (1.2 × 0.5) = 1.21,1.21,1.32,0.29,0.22,NO PLAY,N/A,draftkings,103,-136
Collin Gillespie,FG3M,2.5,2.56,3.0,(2.56 × 0.5) + (3.0 × 0.5) = 2.78,2.78,1.25,-0.28,-0.22,NO PLAY,N/A,fanduel,-168,126
Jalen Duren,PTS,19.5,20.27,22.0,(20.27 × 0.5) + (22.0 × 0.5) = 21.13,21.13,7.74,-1.63,-0.21,NO PLAY,N/A,draftkings,-101,-126
Anthony Edwards,PTS,25.5,27.77,28.2,(27.77 × 0.5) + (28.2 × 0.5) = 27.98,27.98,12.03,-2.48,-0.21,NO PLAY,N/A,draftkings,-107,-119
Julius Randle,PTS,21.5,24.24,21.4,(24.24 × 0.5) + (21.4 × 0.5) = 22.82,22.82,6.24,-1.32,-0.21,NO PLAY,N/A,draftkings,-110,-116
Jaylen Wells,REB,3.5,3.44,2.8,(3.44 × 0.5) + (2.8 × 0.5) = 3.12,3.12,1.82,0.38,0.21,NO PLAY,N/A,draftkings,-135,102
Draymond Green,AST,5.5,5.81,6.2,(5.81 × 0.5) + (6.2 × 0.5) = 6.01,6.01,2.43,-0.51,-0.21,NO PLAY,N/A,draftkings,-139,106
Jimmy Butler III,PTS,19.5,19.94,22.0,(19.94 × 0.5) + (22.0 × 0.5) = 20.97,20.97,7.14,-1.47,-0.21,NO PLAY,N/A,draftkings,-119,-107
Amen Thompson,PTS,19.5,17.93,18.6,(17.93 × 0.5) + (18.6 × 0.5) = 18.27,18.27,5.99,1.23,0.21,NO PLAY,N/A,draftkings,-105,-121
Quinten Post,PTS,8.5,6.32,8.2,(6.32 × 0.5) + (8.2 × 0.5) = 7.26,7.26,5.96,1.24,0.21,NO PLAY,N/A,draftkings,-101,-126
Aaron Holiday,FG3M,1.5,1.4,2.4,(1.4 × 0.5) + (2.4 × 0.5) = 1.9,1.9,1.9,-0.4,-0.21,NO PLAY,N/A,draftkings,-151,114
Royce O'Neale,REB,5.5,5.28,4.8,(5.28 × 0.5) + (4.8 × 0.5) = 5.04,5.04,2.24,0.46,0.21,NO PLAY,N/A,fanduel,114,-152
Devin Booker,REB,3.5,4.11,3.8,(4.11 × 0.5) + (3.8 × 0.5) = 3.96,3.96,2.19,-0.46,-0.21,NO PLAY,N/A,fanduel,-152,114
Luka Garza,PTS,9.5,7.13,9.6,(7.13 × 0.5) + (9.6 × 0.5) = 8.37,8.37,5.77,1.13,0.2,NO PLAY,N/A,draftkings,-107,-119
Kyle Kuzma,REB,4.5,4.35,3.6,(4.35 × 0.5) + (3.6 × 0.5) = 3.98,3.98,2.57,0.52,0.2,NO PLAY,N/A,fanduel,114,-152
Isaiah Hartenstein,PTS,12.5,12.06,10.2,(12.06 × 0.5) + (10.2 × 0.5) = 11.13,11.13,6.88,1.37,0.2,NO PLAY,N/A,draftkings,-108,-118
Naz Reid,REB,5.5,5.82,6.4,(5.82 × 0.5) + (6.4 × 0.5) = 6.11,6.11,3.0,-0.61,-0.2,NO PLAY,N/A,draftkings,-109,-121
Moses Moody,PTS,11.5,12.41,14.4,(12.41 × 0.5) + (14.4 × 0.5) = 13.41,13.41,9.34,-1.91,-0.2,NO PLAY,N/A,draftkings,-109,-116
Collin Gillespie,AST,5.5,4.94,5.0,(4.94 × 0.5) + (5.0 × 0.5) = 4.97,4.97,2.67,0.53,0.2,NO PLAY,N/A,fanduel,-112,-118
Royce O'Neale,PTS,11.5,11.5,9.8,(11.5 × 0.5) + (9.8 × 0.5) = 10.65,10.65,4.16,0.85,0.2,NO PLAY,N/A,fanduel,-114,-114
Devin Vassell,FG3M,2.5,2.5,1.8,(2.5 × 0.5) + (1.8 × 0.5) = 2.15,2.15,1.79,0.35,0.2,NO PLAY,N/A,fanduel,-110,-120
Kon Knueppel,AST,2.5,2.88,3.0,(2.88 × 0.5) + (3.0 × 0.5) = 2.94,2.94,2.29,-0.44,-0.19,NO PLAY,N/A,draftkings,-145,110
Ryan Rollins,FG3M,2.5,2.33,2.0,(2.33 × 0.5) + (2.0 × 0.5) = 2.17,2.17,1.71,0.33,0.19,NO PLAY,N/A,fanduel,124,-166
Shai Gilgeous-Alexander,PTS,30.5,32.22,31.4,(32.22 × 0.5) + (31.4 × 0.5) = 31.81,31.81,6.79,-1.31,-0.19,NO PLAY,N/A,draftkings,-114,-111
Stephen Curry,AST,3.5,3.93,4.0,(3.93 × 0.5) + (4.0 × 0.5) = 3.97,3.97,2.43,-0.47,-0.19,NO PLAY,N/A,draftkings,-163,123
Moses Moody,REB,3.5,3.18,4.4,(3.18 × 0.5) + (4.4 × 0.5) = 3.79,3.79,1.51,-0.29,-0.19,NO PLAY,N/A,draftkings,108,-143
Luke Kornet,REB,6.5,5.78,5.8,(5.78 × 0.5) + (5.8 × 0.5) = 5.79,5.79,3.8,0.71,0.19,NO PLAY,N/A,fanduel,-114,-114
Harrison Barnes,FG3M,2.5,2.38,2.0,(2.38 × 0.5) + (2.0 × 0.5) = 2.19,2.19,1.67,0.31,0.19,NO PLAY,N/A,fanduel,116,-154
Jordan Clarkson,FG3M,1.5,1.38,1.2,(1.38 × 0.5) + (1.2 × 0.5) = 1.29,1.29,1.2,0.21,0.18,NO PLAY,N/A,draftkings,-120,-110
Andrew Nembhard,AST,6.5,6.4,6.0,(6.4 × 0.5) + (6.0 × 0.5) = 6.2,6.2,1.71,0.3,0.18,NO PLAY,N/A,draftkings,113,-149
Bennedict Mathurin,REB,5.5,6.67,5.8,(6.67 × 0.5) + (5.8 × 0.5) = 6.23,6.23,4.03,-0.73,-0.18,NO PLAY,N/A,draftkings,-122,-108
Pelle Larsson,PTS,9.5,10.17,10.8,(10.17 × 0.5) + (10.8 × 0.5) = 10.48,10.48,5.58,-0.98,-0.18,NO PLAY,N/A,fanduel,100,-132
Anthony Edwards,REB,4.5,4.54,5.2,(4.54 × 0.5) + (5.2 × 0.5) = 4.87,4.87,2.11,-0.37,-0.18,NO PLAY,N/A,draftkings,-108,-122
Kentavious Caldwell-Pope,PTS,7.5,7.5,6.0,(7.5 × 0.5) + (6.0 × 0.5) = 6.75,6.75,4.2,0.75,0.18,NO PLAY,N/A,draftkings,-106,-121
Dillon Brooks,FG3M,2.5,2.67,2.8,(2.67 × 0.5) + (2.8 × 0.5) = 2.73,2.73,1.3,-0.23,-0.18,NO PLAY,N/A,fanduel,-132,100
Dylan Harper,AST,3.5,3.83,4.2,(3.83 × 0.5) + (4.2 × 0.5) = 4.02,4.02,2.86,-0.52,-0.18,NO PLAY,N/A,fanduel,-108,-122
Derrick White,PTS,16.5,15.35,15.8,(15.35 × 0.5) + (15.8 × 0.5) = 15.58,15.58,5.4,0.92,0.17,NO PLAY,N/A,draftkings,-121,-105
LaMelo Ball,PTS,18.5,21.2,18.0,(21.2 × 0.5) + (18.0 × 0.5) = 19.6,19.6,6.63,-1.1,-0.17,NO PLAY,N/A,draftkings,-108,-119
Miles McBride,FG3M,2.5,2.15,2.4,(2.15 × 0.5) + (2.4 × 0.5) = 2.28,2.28,1.34,0.22,0.17,NO PLAY,N/A,draftkings,120,-158
Kel'el Ware,PTS,13.5,12.44,16.6,(12.44 × 0.5) + (16.6 × 0.5) = 14.52,14.52,5.93,-1.02,-0.17,NO PLAY,N/A,fanduel,102,-136
Jaren Jackson Jr.,REB,5.5,5.31,5.0,(5.31 × 0.5) + (5.0 × 0.5) = 5.16,5.16,2.02,0.34,0.17,NO PLAY,N/A,draftkings,-114,-116
Donovan Clingan,REB,10.5,9.94,12.4,(9.94 × 0.5) + (12.4 × 0.5) = 11.17,11.17,3.87,-0.67,-0.17,NO PLAY,N/A,fanduel,-114,-114
Anfernee Simons,REB,2.5,2.41,3.2,(2.41 × 0.5) + (3.2 × 0.5) = 2.81,2.81,1.94,-0.31,-0.16,NO PLAY,N/A,draftkings,107,-140
Ben Sheppard,REB,3.5,4.29,3.4,(4.29 × 0.5) + (3.4 × 0.5) = 3.85,3.85,2.2,-0.35,-0.16,NO PLAY,N/A,draftkings,104,-137
Cason Wallace,AST,2.5,2.47,2.0,(2.47 × 0.5) + (2.0 × 0.5) = 2.24,2.24,1.66,0.26,0.16,NO PLAY,N/A,draftkings,-133,101
Zach Edey,REB,8.5,7.6,7.6,(7.6 × 0.5) + (7.6 × 0.5) = 7.6,7.6,5.55,0.9,0.16,NO PLAY,N/A,draftkings,100,-131
Jabari Smith Jr.,FG3M,2.5,2.29,3.2,(2.29 × 0.5) + (3.2 × 0.5) = 2.74,2.74,1.49,-0.24,-0.16,NO PLAY,N/A,draftkings,137,-182
Devin Vassell,AST,3.5,2.56,3.8,(2.56 × 0.5) + (3.8 × 0.5) = 3.18,3.18,2.0,0.32,0.16,NO PLAY,N/A,fanduel,120,-160
Toumani Camara,PTS,12.5,12.06,11.4,(12.06 × 0.5) + (11.4 × 0.5) = 11.73,11.73,4.96,0.77,0.16,NO PLAY,N/A,fanduel,-118,-112
De'Aaron Fox,FG3M,2.5,2.38,3.0,(2.38 × 0.5) + (3.0 × 0.5) = 2.69,2.69,1.19,-0.19,-0.16,NO PLAY,N/A,fanduel,132,-178
James Harden,PTS,32.5,27.81,34.0,(27.81 × 0.5) + (34.0 × 0.5) = 30.91,30.91,10.63,1.59,0.15,NO PLAY,N/A,fanduel,-128,-104
Karl-Anthony Towns,FG3M,2.5,1.94,2.6,(1.94 × 0.5) + (2.6 × 0.5) = 2.27,2.27,1.57,0.23,0.15,NO PLAY,N/A,draftkings,140,-186
Jaden McDaniels,PTS,13.5,16.5,12.4,(16.5 × 0.5) + (12.4 × 0.5) = 14.45,14.45,6.15,-0.95,-0.15,NO PLAY,N/A,draftkings,-110,-115
Cason Wallace,PTS,9.5,8.65,9.2,(8.65 × 0.5) + (9.2 × 0.5) = 8.92,8.92,3.9,0.58,0.15,NO PLAY,N/A,draftkings,102,-131
Jeremiah Fears,FG3M,1.5,1.22,1.4,(1.22 × 0.5) + (1.4 × 0.5) = 1.31,1.31,1.26,0.19,0.15,NO PLAY,N/A,draftkings,141,-187
Reed Sheppard,AST,3.5,3.2,3.2,(3.2 × 0.5) + (3.2 × 0.5) = 3.2,3.2,1.97,0.3,0.15,NO PLAY,N/A,draftkings,-149,113
Moses Moody,FG3M,2.5,2.71,3.0,(2.71 × 0.5) + (3.0 × 0.5) = 2.85,2.85,2.37,-0.35,-0.15,NO PLAY,N/A,draftkings,112,-148
DeMar DeRozan,AST,3.5,3.61,4.0,(3.61 × 0.5) + (4.0 × 0.5) = 3.81,3.81,2.03,-0.31,-0.15,NO PLAY,N/A,fanduel,-110,-120
James Harden,FG3M,4.5,3.88,4.4,(3.88 × 0.5) + (4.4 × 0.5) = 4.14,4.14,2.6,0.36,0.14,NO PLAY,N/A,fanduel,146,-200
Scottie Barnes,PTS,19.5,19.22,18.0,(19.22 × 0.5) + (18.0 × 0.5) = 18.61,18.61,6.42,0.89,0.14,NO PLAY,N/A,draftkings,-124,-103
Luguentz Dort,PTS,9.5,8.17,9.6,(8.17 × 0.5) + (9.6 × 0.5) = 8.88,8.88,4.26,0.62,0.14,NO PLAY,N/A,draftkings,-106,-121
Anthony Edwards,FG3M,2.5,3.23,2.4,(3.23 × 0.5) + (2.4 × 0.5) = 2.82,2.82,2.24,-0.32,-0.14,NO PLAY,N/A,draftkings,-168,127
Keegan Murray,FG3M,2.5,2.33,2.33,(2.33 × 0.5) + (2.33 × 0.5) = 2.33,2.33,1.15,0.17,0.14,NO PLAY,N/A,fanduel,108,-144
Malik Monk,FG3M,1.5,1.87,1.6,(1.87 × 0.5) + (1.6 × 0.5) = 1.73,1.73,1.64,-0.23,-0.14,NO PLAY,N/A,fanduel,138,-186
Ausar Thompson,AST,2.5,3.0,2.6,(3.0 × 0.5) + (2.6 × 0.5) = 2.8,2.8,2.24,-0.3,-0.13,NO PLAY,N/A,draftkings,132,-175
Gary Trent Jr.,FG3M,2.5,2.28,2.4,(2.28 × 0.5) + (2.4 × 0.5) = 2.34,2.34,1.27,0.16,0.13,NO PLAY,N/A,fanduel,118,-158
Ajay Mitchell,AST,3.5,3.83,3.8,(3.83 × 0.5) + (3.8 × 0.5) = 3.82,3.82,2.5,-0.32,-0.13,NO PLAY,N/A,draftkings,-147,112
Donte DiVincenzo,PTS,12.5,13.82,12.6,(13.82 × 0.5) + (12.6 × 0.5) = 13.21,13.21,5.53,-0.71,-0.13,NO PLAY,N/A,draftkings,-113,-113
Precious Achiuwa,PTS,7.5,6.82,7.0,(6.82 × 0.5) + (7.0 × 0.5) = 6.91,6.91,4.42,0.59,0.13,NO PLAY,N/A,fanduel,-125,-106
Keldon Johnson,PTS,14.5,12.56,15.0,(12.56 × 0.5) + (15.0 × 0.5) = 13.78,13.78,5.46,0.72,0.13,NO PLAY,N/A,fanduel,-118,-112
Robert Williams III,REB,4.5,4.45,5.2,(4.45 × 0.5) + (5.2 × 0.5) = 4.83,4.83,2.46,-0.33,-0.13,NO PLAY,N/A,fanduel,-102,-130
Julian Champagnie,FG3M,2.5,2.25,3.2,(2.25 × 0.5) + (3.2 × 0.5) = 2.72,2.72,1.69,-0.23,-0.13,NO PLAY,N/A,fanduel,104,-138
Jalen Brunson,PTS,28.5,28.29,30.2,(28.29 × 0.5) + (30.2 × 0.5) = 29.24,29.24,6.13,-0.74,-0.12,NO PLAY,N/A,fanduel,-114,-114
Karl-Anthony Towns,REB,12.5,12.44,12.0,(12.44 × 0.5) + (12.0 × 0.5) = 12.22,12.22,2.37,0.28,0.12,NO PLAY,N/A,draftkings,-126,-104
Jarace Walker,FG3M,1.5,1.59,1.8,(1.59 × 0.5) + (1.8 × 0.5) = 1.69,1.69,1.66,-0.19,-0.12,NO PLAY,N/A,draftkings,148,-197
Trey Murphy III,FG3M,3.5,3.0,3.6,(3.0 × 0.5) + (3.6 × 0.5) = 3.3,3.3,1.71,0.2,0.12,NO PLAY,N/A,draftkings,131,-174
Donovan Clingan,PTS,11.5,10.28,14.0,(10.28 × 0.5) + (14.0 × 0.5) = 12.14,12.14,5.44,-0.64,-0.12,NO PLAY,N/A,fanduel,-128,-104
Keldon Johnson,REB,6.5,6.25,7.4,(6.25 × 0.5) + (7.4 × 0.5) = 6.82,6.82,2.74,-0.33,-0.12,NO PLAY,N/A,fanduel,-125,-106
Josh Hart,PTS,11.5,9.67,12.2,(9.67 × 0.5) + (12.2 × 0.5) = 10.93,10.93,5.25,0.57,0.11,NO PLAY,N/A,draftkings,-106,-120
Giannis Antetokounmpo,PTS,28.5,31.15,27.6,(31.15 × 0.5) + (27.6 × 0.5) = 29.38,29.38,7.78,-0.88,-0.11,NO PLAY,N/A,fanduel,-108,-122
Kyle Kuzma,AST,1.5,1.76,1.6,(1.76 × 0.5) + (1.6 × 0.5) = 1.68,1.68,1.68,-0.18,-0.11,NO PLAY,N/A,fanatics,-175,125
Chet Holmgren,FG3M,1.5,1.43,1.2,(1.43 × 0.5) + (1.2 × 0.5) = 1.31,1.31,1.65,0.19,0.11,NO PLAY,N/A,draftkings,-109,-120
Reed Sheppard,FG3M,2.5,2.73,2.6,(2.73 × 0.5) + (2.6 × 0.5) = 2.67,2.67,1.49,-0.17,-0.11,NO PLAY,N/A,draftkings,-149,113
Mark Williams,PTS,13.5,12.33,13.2,(12.33 × 0.5) + (13.2 × 0.5) = 12.77,12.77,6.81,0.73,0.11,NO PLAY,N/A,fanduel,-112,-118
DeMar DeRozan,PTS,18.5,18.72,20.2,(18.72 × 0.5) + (20.2 × 0.5) = 19.46,19.46,8.4,-0.96,-0.11,NO PLAY,N/A,fanduel,-108,-122
Precious Achiuwa,REB,5.5,5.0,5.4,(5.0 × 0.5) + (5.4 × 0.5) = 5.2,5.2,2.83,0.3,0.11,NO PLAY,N/A,fanduel,-132,100
John Collins,REB,4.5,4.76,4.6,(4.76 × 0.5) + (4.6 × 0.5) = 4.68,4.68,1.79,-0.18,-0.1,NO PLAY,N/A,fanduel,100,-132
James Harden,REB,5.5,5.75,4.6,(5.75 × 0.5) + (4.6 × 0.5) = 5.18,5.18,3.36,0.33,0.1,NO PLAY,N/A,fanduel,-154,116
Jaylen Brown,AST,4.5,4.29,5.0,(4.29 × 0.5) + (5.0 × 0.5) = 4.65,4.65,1.53,-0.15,-0.1,NO PLAY,N/A,draftkings,106,-140
Jalen Duren,AST,2.5,2.07,3.2,(2.07 × 0.5) + (3.2 × 0.5) = 2.63,2.63,1.33,-0.13,-0.1,NO PLAY,N/A,draftkings,143,-190
Cade Cunningham,FG3M,1.5,1.79,1.4,(1.79 × 0.5) + (1.4 × 0.5) = 1.59,1.59,0.97,-0.09,-0.1,NO PLAY,N/A,draftkings,-182,137
Karl-Anthony Towns,PTS,24.5,22.62,28.0,(22.62 × 0.5) + (28.0 × 0.5) = 25.31,25.31,8.4,-0.81,-0.1,NO PLAY,N/A,draftkings,-109,-117
Jakob Poeltl,PTS,12.5,10.92,12.8,(10.92 × 0.5) + (12.8 × 0.5) = 11.86,11.86,6.61,0.64,0.1,NO PLAY,N/A,draftkings,-119,-107
Cason Wallace,FG3M,1.5,1.59,1.6,(1.59 × 0.5) + (1.6 × 0.5) = 1.59,1.59,0.94,-0.09,-0.1,NO PLAY,N/A,draftkings,-107,-123
Saddiq Bey,AST,2.5,2.18,2.4,(2.18 × 0.5) + (2.4 × 0.5) = 2.29,2.29,2.07,0.21,0.1,NO PLAY,N/A,draftkings,110,-146
Jalen Brunson,AST,6.5,6.5,7.0,(6.5 × 0.5) + (7.0 × 0.5) = 6.75,6.75,2.71,-0.25,-0.09,NO PLAY,N/A,fanduel,-112,-118
Isaiah Jackson,REB,5.5,5.94,5.6,(5.94 × 0.5) + (5.6 × 0.5) = 5.77,5.77,3.01,-0.27,-0.09,NO PLAY,N/A,draftkings,-117,-113
Norman Powell,REB,3.5,3.86,3.6,(3.86 × 0.5) + (3.6 × 0.5) = 3.73,3.73,2.41,-0.23,-0.09,NO PLAY,N/A,fanduel,128,-172
Andrew Wiggins,FG3M,1.5,1.8,1.4,(1.8 × 0.5) + (1.4 × 0.5) = 1.6,1.6,1.15,-0.1,-0.09,NO PLAY,N/A,fanduel,116,-154
Anthony Edwards,AST,3.5,3.54,3.8,(3.54 × 0.5) + (3.8 × 0.5) = 3.67,3.67,1.98,-0.17,-0.09,NO PLAY,N/A,draftkings,-162,123
Draymond Green,FG3M,1.5,1.56,1.2,(1.56 × 0.5) + (1.2 × 0.5) = 1.38,1.38,1.26,0.12,0.09,NO PLAY,N/A,draftkings,117,-154
Jerami Grant,AST,2.5,2.47,2.8,(2.47 × 0.5) + (2.8 × 0.5) = 2.64,2.64,1.55,-0.14,-0.09,NO PLAY,N/A,fanduel,-140,106
Deni Avdija,AST,6.5,5.39,7.0,(5.39 × 0.5) + (7.0 × 0.5) = 6.19,6.19,3.26,0.31,0.09,NO PLAY,N/A,fanduel,-136,102
Shaedon Sharpe,AST,2.5,2.07,3.2,(2.07 × 0.5) + (3.2 × 0.5) = 2.64,2.64,1.59,-0.14,-0.09,NO PLAY,N/A,fanduel,-102,-130
Shaedon Sharpe,REB,4.5,5.0,4.4,(5.0 × 0.5) + (4.4 × 0.5) = 4.7,4.7,2.15,-0.2,-0.09,NO PLAY,N/A,fanduel,-108,-122
Jaylen Brown,PTS,27.5,27.88,28.4,(27.88 × 0.5) + (28.4 × 0.5) = 28.14,28.14,7.72,-0.64,-0.08,NO PLAY,N/A,draftkings,-113,-113
Mikal Bridges,PTS,16.5,16.25,17.6,(16.25 × 0.5) + (17.6 × 0.5) = 16.92,16.92,5.26,-0.43,-0.08,NO PLAY,N/A,draftkings,100,-127
Josh Hart,REB,7.5,7.0,8.6,(7.0 × 0.5) + (8.6 × 0.5) = 7.8,7.8,3.76,-0.3,-0.08,NO PLAY,N/A,draftkings,-118,-112
Immanuel Quickley,FG3M,2.5,2.44,2.8,(2.44 × 0.5) + (2.8 × 0.5) = 2.62,2.62,1.5,-0.12,-0.08,NO PLAY,N/A,draftkings,-118,-111
Bam Adebayo,AST,2.5,2.75,2.0,(2.75 × 0.5) + (2.0 × 0.5) = 2.38,2.38,1.6,0.12,0.08,NO PLAY,N/A,fanduel,-174,130
Ryan Rollins,PTS,18.5,18.17,20.0,(18.17 × 0.5) + (20.0 × 0.5) = 19.08,19.08,7.52,-0.58,-0.08,NO PLAY,N/A,fanduel,-112,-118
Cason Wallace,REB,2.5,2.82,1.8,(2.82 × 0.5) + (1.8 × 0.5) = 2.31,2.31,2.3,0.19,0.08,NO PLAY,N/A,draftkings,-152,115
Cedric Coward,PTS,13.5,13.78,12.4,(13.78 × 0.5) + (12.4 × 0.5) = 13.09,13.09,5.4,0.41,0.08,NO PLAY,N/A,draftkings,-115,-111
Jabari Smith Jr.,PTS,15.5,15.07,16.8,(15.07 × 0.5) + (16.8 × 0.5) = 15.94,15.94,5.25,-0.44,-0.08,NO PLAY,N/A,draftkings,-121,-105
Reed Sheppard,PTS,14.5,13.13,15.0,(13.13 × 0.5) + (15.0 × 0.5) = 14.07,14.07,5.74,0.43,0.08,NO PLAY,N/A,draftkings,-116,-110
Russell Westbrook,AST,6.5,6.56,7.0,(6.56 × 0.5) + (7.0 × 0.5) = 6.78,6.78,3.65,-0.28,-0.08,NO PLAY,N/A,fanduel,-132,100
Jordan Goodwin,REB,5.5,4.33,6.2,(4.33 × 0.5) + (6.2 × 0.5) = 5.27,5.27,2.87,0.23,0.08,NO PLAY,N/A,draftkings,117,-154
Jerami Grant,FG3M,2.5,2.24,3.0,(2.24 × 0.5) + (3.0 × 0.5) = 2.62,2.62,1.39,-0.12,-0.08,NO PLAY,N/A,fanduel,118,-158
Tobias Harris,FG3M,1.5,1.5,1.6,(1.5 × 0.5) + (1.6 × 0.5) = 1.55,1.55,0.76,-0.05,-0.07,NO PLAY,N/A,draftkings,158,-211
Brandon Miller,PTS,17.5,16.67,16.67,(16.67 × 0.5) + (16.67 × 0.5) = 16.67,16.67,11.15,0.83,0.07,NO PLAY,N/A,draftkings,-125,-102
Pascal Siakam,REB,6.5,7.06,6.4,(7.06 × 0.5) + (6.4 × 0.5) = 6.73,6.73,3.21,-0.23,-0.07,NO PLAY,N/A,draftkings,112,-148
Giannis Antetokounmpo,REB,9.5,10.85,7.6,(10.85 × 0.5) + (7.6 × 0.5) = 9.22,9.22,4.16,0.28,0.07,NO PLAY,N/A,fanduel,-136,102
Myles Turner,AST,1.5,1.78,1.4,(1.78 × 0.5) + (1.4 × 0.5) = 1.59,1.59,1.22,-0.09,-0.07,NO PLAY,N/A,fanatics,-175,125
Chet Holmgren,PTS,18.5,18.29,17.6,(18.29 × 0.5) + (17.6 × 0.5) = 17.94,17.94,7.91,0.56,0.07,NO PLAY,N/A,draftkings,-116,-110
Zion Williamson,REB,5.5,5.5,5.0,(5.5 × 0.5) + (5.0 × 0.5) = 5.25,5.25,3.82,0.25,0.07,NO PLAY,N/A,draftkings,-111,-118
Cedric Coward,REB,5.5,5.83,5.6,(5.83 × 0.5) + (5.6 × 0.5) = 5.72,5.72,2.98,-0.22,-0.07,NO PLAY,N/A,draftkings,-101,-131
Jabari Smith Jr.,REB,7.5,6.93,8.4,(6.93 × 0.5) + (8.4 × 0.5) = 7.66,7.66,2.27,-0.16,-0.07,NO PLAY,N/A,draftkings,-114,-116
Toumani Camara,REB,5.5,5.28,5.4,(5.28 × 0.5) + (5.4 × 0.5) = 5.34,5.34,2.4,0.16,0.07,NO PLAY,N/A,fanduel,114,-152
Devin Vassell,REB,3.5,3.62,3.6,(3.62 × 0.5) + (3.6 × 0.5) = 3.61,3.61,1.67,-0.11,-0.07,NO PLAY,N/A,fanduel,-144,108
Tobias Harris,REB,4.5,5.25,3.4,(5.25 × 0.5) + (3.4 × 0.5) = 4.32,4.32,3.01,0.17,0.06,NO PLAY,N/A,draftkings,-112,-117
Derrick White,FG3M,2.5,2.53,2.6,(2.53 × 0.5) + (2.6 × 0.5) = 2.56,2.56,1.07,-0.06,-0.06,NO PLAY,N/A,draftkings,-123,-107
Scottie Barnes,REB,7.5,7.78,7.6,(7.78 × 0.5) + (7.6 × 0.5) = 7.69,7.69,3.06,-0.19,-0.06,NO PLAY,N/A,draftkings,-135,102
Russell Westbrook,PTS,12.5,13.72,12.0,(13.72 × 0.5) + (12.0 × 0.5) = 12.86,12.86,6.42,-0.36,-0.06,NO PLAY,N/A,fanduel,-122,-108
Toumani Camara,AST,2.5,2.78,2.4,(2.78 × 0.5) + (2.4 × 0.5) = 2.59,2.59,1.4,-0.09,-0.06,NO PLAY,N/A,fanduel,-114,-114
Deni Avdija,REB,6.5,6.44,6.2,(6.44 × 0.5) + (6.2 × 0.5) = 6.32,6.32,2.77,0.18,0.06,NO PLAY,N/A,fanduel,-158,118
Rui Hachimura,PTS,14.5,15.0,13.4,(15.0 × 0.5) + (13.4 × 0.5) = 14.2,14.2,5.94,0.3,0.05,NO PLAY,N/A,draftkings,-120,-110
Jalen Brunson,REB,3.5,3.43,3.4,(3.43 × 0.5) + (3.4 × 0.5) = 3.41,3.41,1.79,0.09,0.05,NO PLAY,N/A,fanduel,142,-192
Brandon Ingram,REB,5.5,5.83,5.4,(5.83 × 0.5) + (5.4 × 0.5) = 5.62,5.62,2.31,-0.12,-0.05,NO PLAY,N/A,draftkings,-143,108
Bam Adebayo,PTS,17.5,19.33,15.0,(19.33 × 0.5) + (15.0 × 0.5) = 17.17,17.17,7.19,0.33,0.05,NO PLAY,N/A,fanduel,-102,-128
Julius Randle,AST,5.5,5.76,5.0,(5.76 × 0.5) + (5.0 × 0.5) = 5.38,5.38,2.49,0.12,0.05,NO PLAY,N/A,draftkings,116,-153
Quinten Post,REB,4.5,3.95,4.8,(3.95 × 0.5) + (4.8 × 0.5) = 4.37,4.37,2.34,0.13,0.05,NO PLAY,N/A,draftkings,-104,-127
Amen Thompson,FG3M,0.5,0.53,0.4,(0.53 × 0.5) + (0.4 × 0.5) = 0.47,0.47,0.64,0.03,0.05,NO PLAY,N/A,betonlineag,-118,-110
De'Aaron Fox,PTS,24.5,23.5,26.0,(23.5 × 0.5) + (26.0 × 0.5) = 24.75,24.75,4.72,-0.25,-0.05,NO PLAY,N/A,fanduel,-104,-128
Deni Avdija,FG3M,2.5,2.56,2.6,(2.56 × 0.5) + (2.6 × 0.5) = 2.58,2.58,1.5,-0.08,-0.05,NO PLAY,N/A,fanduel,104,-138
Jaxson Hayes,PTS,5.5,5.31,5.4,(5.31 × 0.5) + (5.4 × 0.5) = 5.35,5.35,4.05,0.15,0.04,NO PLAY,N/A,fanduel,-114,-114
Jordan Clarkson,PTS,12.5,10.81,14.6,(10.81 × 0.5) + (14.6 × 0.5) = 12.71,12.71,5.17,-0.21,-0.04,NO PLAY,N/A,draftkings,-114,-111
Brandon Ingram,PTS,23.5,21.61,24.8,(21.61 × 0.5) + (24.8 × 0.5) = 23.21,23.21,6.68,0.29,0.04,NO PLAY,N/A,draftkings,-110,-116
Ryan Rollins,AST,6.5,6.0,7.2,(6.0 × 0.5) + (7.2 × 0.5) = 6.6,6.6,2.79,-0.1,-0.04,NO PLAY,N/A,fanduel,-152,114
Gary Trent Jr.,PTS,10.5,10.22,11.2,(10.22 × 0.5) + (11.2 × 0.5) = 10.71,10.71,4.88,-0.21,-0.04,NO PLAY,N/A,fanduel,102,-136
Aaron Holiday,PTS,9.5,7.4,12.2,(7.4 × 0.5) + (12.2 × 0.5) = 9.8,9.8,7.65,-0.3,-0.04,NO PLAY,N/A,draftkings,-123,-103
Collin Gillespie,PTS,14.5,11.61,17.0,(11.61 × 0.5) + (17.0 × 0.5) = 14.31,14.31,5.26,0.19,0.04,NO PLAY,N/A,fanduel,102,-136
Harrison Barnes,REB,3.5,3.06,3.8,(3.06 × 0.5) + (3.8 × 0.5) = 3.43,3.43,1.65,0.07,0.04,NO PLAY,N/A,fanduel,-120,-110
Miles McBride,PTS,11.5,10.0,12.6,(10.0 × 0.5) + (12.6 × 0.5) = 11.3,11.3,5.97,0.2,0.03,NO PLAY,N/A,draftkings,-102,-125
Rudy Gobert,REB,10.5,10.24,11.0,(10.24 × 0.5) + (11.0 × 0.5) = 10.62,10.62,3.77,-0.12,-0.03,NO PLAY,N/A,draftkings,106,-140
Luguentz Dort,REB,3.5,4.08,2.8,(4.08 × 0.5) + (2.8 × 0.5) = 3.44,3.44,2.11,0.06,0.03,NO PLAY,N/A,draftkings,-137,104
Ajay Mitchell,REB,3.5,3.67,3.2,(3.67 × 0.5) + (3.2 × 0.5) = 3.43,3.43,2.06,0.07,0.03,NO PLAY,N/A,draftkings,-112,-118
Alperen Sengun,PTS,22.5,22.4,23.0,(22.4 × 0.5) + (23.0 × 0.5) = 22.7,22.7,6.65,-0.2,-0.03,NO PLAY,N/A,draftkings,-121,-106
Draymond Green,PTS,8.5,8.12,8.6,(8.12 × 0.5) + (8.6 × 0.5) = 8.36,8.36,4.03,0.14,0.03,NO PLAY,N/A,draftkings,-114,-112
Will Richard,PTS,6.5,8.18,5.2,(8.18 × 0.5) + (5.2 × 0.5) = 6.69,6.69,6.73,-0.19,-0.03,NO PLAY,N/A,draftkings,-128,101
Stephen Curry,REB,3.5,3.53,3.6,(3.53 × 0.5) + (3.6 × 0.5) = 3.57,3.57,1.96,-0.07,-0.03,NO PLAY,N/A,draftkings,-150,113
Jimmy Butler III,FG3M,0.5,0.88,0.2,(0.88 × 0.5) + (0.2 × 0.5) = 0.54,0.54,1.41,-0.04,-0.03,NO PLAY,N/A,betonlineag,-143,110
Moses Moody,AST,1.5,1.53,1.4,(1.53 × 0.5) + (1.4 × 0.5) = 1.46,1.46,1.33,0.04,0.03,NO PLAY,N/A,fanatics,-115,-115
Julian Champagnie,PTS,11.5,10.38,13.0,(10.38 × 0.5) + (13.0 × 0.5) = 11.69,11.69,5.89,-0.19,-0.03,NO PLAY,N/A,fanduel,-122,-108
Kawhi Leonard,REB,5.5,5.29,5.6,(5.29 × 0.5) + (5.6 × 0.5) = 5.44,5.44,2.29,0.06,0.02,NO PLAY,N/A,fanduel,164,-225
Jordan Walsh,PTS,5.5,4.92,6.2,(4.92 × 0.5) + (6.2 × 0.5) = 5.56,5.56,3.48,-0.06,-0.02,NO PLAY,N/A,draftkings,-107,-120
Shai Gilgeous-Alexander,REB,4.5,4.89,4.2,(4.89 × 0.5) + (4.2 × 0.5) = 4.54,4.54,2.47,-0.04,-0.02,NO PLAY,N/A,draftkings,-113,-116
Jeremiah Fears,AST,2.5,2.72,2.2,(2.72 × 0.5) + (2.2 × 0.5) = 2.46,2.46,1.99,0.04,0.02,NO PLAY,N/A,draftkings,-159,120
Trey Murphy III,REB,5.5,6.28,4.6,(6.28 × 0.5) + (4.6 × 0.5) = 5.44,5.44,2.52,0.06,0.02,NO PLAY,N/A,draftkings,-103,-128
Jeremiah Fears,REB,3.5,3.28,3.8,(3.28 × 0.5) + (3.8 × 0.5) = 3.54,3.54,1.67,-0.04,-0.02,NO PLAY,N/A,draftkings,-118,-111
Brandin Podziemski,AST,2.5,2.89,2.2,(2.89 × 0.5) + (2.2 × 0.5) = 2.55,2.55,2.11,-0.05,-0.02,NO PLAY,N/A,draftkings,-158,120
Reed Sheppard,REB,2.5,2.33,2.6,(2.33 × 0.5) + (2.6 × 0.5) = 2.47,2.47,2.16,0.03,0.02,NO PLAY,N/A,draftkings,-149,113
Dillon Brooks,REB,3.5,3.25,3.8,(3.25 × 0.5) + (3.8 × 0.5) = 3.52,3.52,1.48,-0.02,-0.02,NO PLAY,N/A,fanduel,110,-146
Collin Gillespie,REB,4.5,4.11,4.8,(4.11 × 0.5) + (4.8 × 0.5) = 4.46,4.46,1.97,0.04,0.02,NO PLAY,N/A,fanduel,122,-162
Jordan Walsh,REB,4.5,4.15,4.8,(4.15 × 0.5) + (4.8 × 0.5) = 4.48,4.48,3.0,0.02,0.01,NO PLAY,N/A,draftkings,-122,-108
Jordan Walsh,FG3M,0.5,0.62,0.4,(0.62 × 0.5) + (0.4 × 0.5) = 0.51,0.51,0.77,-0.01,-0.01,NO PLAY,N/A,draftkings,-127,-104
Miles Bridges,AST,3.5,3.76,3.2,(3.76 × 0.5) + (3.2 × 0.5) = 3.48,3.48,2.05,0.02,0.01,NO PLAY,N/A,draftkings,116,-153
Miles Bridges,FG3M,2.5,2.94,2.0,(2.94 × 0.5) + (2.0 × 0.5) = 2.47,2.47,1.98,0.03,0.01,NO PLAY,N/A,draftkings,-115,-114
Kyle Kuzma,PTS,12.5,13.59,11.2,(13.59 × 0.5) + (11.2 × 0.5) = 12.39,12.39,7.22,0.11,0.01,NO PLAY,N/A,fanduel,-118,-112
Bam Adebayo,FG3M,1.5,1.83,1.2,(1.83 × 0.5) + (1.2 × 0.5) = 1.52,1.52,1.4,-0.02,-0.01,NO PLAY,N/A,fanduel,116,-154
Chet Holmgren,REB,7.5,7.86,7.2,(7.86 × 0.5) + (7.2 × 0.5) = 7.53,7.53,2.88,-0.03,-0.01,NO PLAY,N/A,draftkings,-107,-123
Julius Randle,FG3M,1.5,1.76,1.2,(1.76 × 0.5) + (1.2 × 0.5) = 1.48,1.48,1.2,0.02,0.01,NO PLAY,N/A,draftkings,-108,-121
Zion Williamson,PTS,22.5,22.38,22.8,(22.38 × 0.5) + (22.8 × 0.5) = 22.59,22.59,6.93,-0.09,-0.01,NO PLAY,N/A,draftkings,-103,-123
De'Aaron Fox,REB,3.5,3.62,3.4,(3.62 × 0.5) + (3.4 × 0.5) = 3.51,3.51,1.51,-0.01,-0.01,NO PLAY,N/A,fanduel,-152,114
Anfernee Simons,PTS,13.5,14.41,12.6,(14.41 × 0.5) + (12.6 × 0.5) = 13.51,13.51,7.38,-0.01,-0.0,NO PLAY,N/A,draftkings,-121,-106
Jaden Ivey,FG3M,1.5,1.5,1.5,(1.5 × 0.5) + (1.5 × 0.5) = 1.5,1.5,0.71,0.0,0.0,NO PLAY,N/A,draftkings,162,-216
Tyler Herro,AST,3.5,0.0,0.0,(0.0 × 0.5) + (0.0 × 0.5) = 0.0,0.0,nan,3.5,0,NO PLAY,N/A,fanduel,-125,-106
Tyler Herro,PTS,18.5,24.0,24.0,(24.0 × 0.5) + (24.0 × 0.5) = 24.0,24.0,nan,-5.5,0,NO PLAY,N/A,fanduel,-112,-118
Bobby Portis,PTS,13.5,11.39,15.6,(11.39 × 0.5) + (15.6 × 0.5) = 13.49,13.49,5.27,0.01,0.0,NO PLAY,N/A,fanduel,-108,-122
Tyler Herro,REB,3.5,7.0,7.0,(7.0 × 0.5) + (7.0 × 0.5) = 7.0,7.0,nan,-3.5,0,NO PLAY,N/A,fanduel,-125,-106
Tyler Herro,FG3M,1.5,0.0,0.0,(0.0 × 0.5) + (0.0 × 0.5) = 0.0,0.0,nan,1.5,0,NO PLAY,N/A,fanduel,-130,-102
Brandin Podziemski,REB,4.5,4.58,4.4,(4.58 × 0.5) + (4.4 × 0.5) = 4.49,4.49,2.19,0.01,0.0,NO PLAY,N/A,draftkings,127,-168
Kris Murray,PTS,5.5,5.41,5.6,(5.41 × 0.5) + (5.6 × 0.5) = 5.51,5.51,3.55,-0.01,-0.0,NO PLAY,N/A,fanduel,-104,-128
Julian Champagnie,REB,4.5,4.81,4.2,(4.81 × 0.5) + (4.2 × 0.5) = 4.51,4.51,3.15,-0.01,-0.0,NO PLAY,N/A,fanduel,-158,118
